words,frequency_of_occurrence
love,168
life,108
like,93
I,80
people,70
make,66
good,64
never,64
heart,61
always,61
one,60
happy,57
best,54
things,52
feel,52
you.,51
world,49
",",47
i'm,46
get,43
day,38
know,38
beautiful,37
every,36
someone,36
live,35
want,34
smile,31
bad,31
way,31
much,30
time,30
let,29
even,29
need,28
happiness,28
can't,28
"you,",27
new,26
friends,26
think,26
better,26
go,26
keep,26
little,25
great,25
come,25
person,24
life.,24
fear,24
stay,24
going,24
man,23
everything,23
could,23
makes,23
without,22
would,22
cannot,22
thing,22
made,21
look,21
thank,21
making,21
love.,21
see,20
take,20
find,19
really,19
may,19
ever,18
us,18
hope,18
don’t,18
something,18
sometimes,18
miss,18
night,17
enough,17
words,16
understand,16
beauty,16
it.,16
mind,16
.,15
fun,15
ones,15
u,15
lose,15
right,15
still,15
back,15
giving,15
must,15
The,14
perfect,14
feeling,14
anything,14
many,14
soul,14
believe,14
first,14
give,14
got,14
day.,14
dreams,13
work,13
amazing,13
god,13
times,13
TRUE,13
me.,13
birthday,13
light,13
kind,13
them.,13
break,12
greatest,12
full,12
story,12
hear,12
away,12
eyes,12
hard,12
show,12
today,12
matter,12
nothing,12
loving,12
everyone,11
wish,11
enjoy,11
friends.,11
part,11
getting,11
"love,",11
peace,11
laugh,11
stop,11
year,11
change,11
sad,11
trust,11
thinking,10
become,10
well,10
fall,10
"life,",10
hate,10
friend,10
hold,10
"it,",10
gives,10
hurt,10
also,10
living,10
remember,9
gonna,9
pain,9
lot,9
learn,9
often,9
loved,9
"me,",9
forget,9
might,9
days,9
whole,9
darkness,9
long,9
real,9
difficult,9
say,9
i've,8
kept,8
us.,8
broken,8
finally,8
family,8
others.,8
hearts,8
two,8
side,8
let's,8
that's,8
faith,8
world.,8
close,8
hell,8
heart.,8
A,8
others,8
inside,8
cause,8
tears,8
mind.,8
try,8
mean,8
promises,8
truth,8
trying,8
regret,7
power,7
call,7
nights,7
together,7
mess,7
it’s,7
wear,7
To,7
place.,7
rest,7
strong,7
another,7
last,7
success.,7
expect,7
started,7
there's,7
open,7
yourself.,7
free,7
whats,7
important,7
step,7
wonder,7
sunshine,7
grow,7
i'll,7
choose,7
better.,7
face,7
loves,7
use,7
lovely,7
cold,7
mine,7
big,7
place,7
up.,7
everything.,7
joy,7
different,7
guys,7
meet,7
flower,6
smiles,6
lights,6
felt,6
depression,6
stories,6
Be,6
stars,6
time.,6
becomes,6
wrong,6
courage,6
lost,6
fight,6
key,6
whatever,6
save,6
nobody,6
tell,6
short,6
thankful,6
worked,6
universe,6
He,6
loads,6
behind,6
spread,6
moving,6
meant,6
count,6
spent,6
realize,6
moments,6
kill,6
good.,6
sky,6
bit,6
single,6
brings,6
special,6
came,6
You,6
hot,6
girls,6
beautiful.,6
It,6
head,6
said,6
forever,6
grateful,6
sense,6
youre,6
done,6
cry,6
reason,6
moment,6
turning,6
looking,6
knows,6
shall,6
choice.,6
walk,6
leave,6
home,6
worry,6
moon,6
attitude,6
looks,5
sun,5
care,5
learning,5
hands,5
vibes,5
needs,5
deeply,5
music,5
fire,5
treat,5
tomorrow,5
known,5
baby,5
rich,5
dark,5
blessed,5
poetry,5
minute,5
do.,5
promise,5
help,5
"heart,",5
christmas,5
body,5
guy,5
shows,5
comes,5
express,5
one.,5
fake,5
happen,5
memories,5
dream,5
thought,5
responsibility,5
born,5
brave,5
able,5
wonderful,5
oppurtunities,5
mad,5
much.,5
read,5
party,5
lives,5
beginning,5
"smile,",5
on.,5
today.,5
My,5
that’s,5
relationships,5
easy,5
less,5
taking,5
ill,5
longer,5
delhi,5
changing,5
doesn’t,5
emotions,5
put,5
anyone,5
cool,5
"friends,",5
lies,5
simply,5
ur,5
smiling,5
proud,5
things.,5
here's,5
tragedy,5
blessing,5
week,5
face.,5
within,5
confidence,5
end,5
around,5
harder,5
since,5
small,5
control,5
people.,5
human,5
friendship,5
stand,4
weakness,4
horror,4
found,4
pretty,4
favor,4
forever.,4
finding,4
handle,4
"yourself,",4
present,4
means,4
happy.,4
"more,",4
smells,4
running,4
talk,4
wait,4
"dark,",4
takes,4
picture,4
start,4
men,4
faith.,4
straight,4
seems,4
high,4
alone,4
nature,4
mistakes.,4
heavy,4
2,4
angry,4
theirs.,4
loyal,4
hoping,4
wise,4
letting,4
ready,4
now.,4
kindness,4
journey,4
extremely,4
happened,4
random,4
"feel,",4
till,4
three,4
fears.,4
closed,4
wonders,4
"true,",4
blessed.,4
oppurtunity,4
luck,4
simple,4
attention,4
cherish,4
drive,4
stupid,4
phone,4
he's,4
afraid,4
gotta,4
im,4
broke,4
drink,4
avoid,4
"sun,",4
die,4
"eyes,",4
deserve,4
"here,",4
saw,4
hatred,4
begins,4
2020,4
care.,4
intelligence,4
changed,4
money,4
reality,4
upon,4
funny,4
art,4
bring,4
please,4
excuse,4
deep,4
trouble,4
quiet,4
thoughts,4
"sky,",4
sparkle,4
else,4
chase,4
parents,4
burn,4
"go,",4
"good,",4
rather,4
Our,4
realise,4
more.,4
wanna,4
busy,4
fighting,4
greater,4
"have,",4
thanks,4
silly,4
beyond,4
comedy,4
places,4
approach,4
"know,",4
wild,4
experience,4
chances,4
everyday.,4
coming,4
walks,4
girl,4
hurts,4
burden,4
feelings.,4
bright,4
pink,3
song,3
It's,3
goes,3
"back,",3
outside.,3
melts,3
happiness.,3
half,3
death,3
chilling,3
ocean,3
"all,",3
memory,3
body.,3
accept,3
past,3
age,3
passion.,3
hardest,3
crazy,3
born.,3
knowing,3
everyday,3
towards,3
free.,3
accident,3
knowledge,3
day!,3
beach,3
selected,3
celebrate,3
move,3
valentine's,3
yet,3
knew,3
bed,3
what's,3
mood,3
else's,3
parts,3
If,3
yesterday,3
fullest.,3
mistakes,3
positive,3
took,3
wake,3
shadow,3
word,3
air,3
value,3
feelings,3
respect,3
dance,3
"day,",3
messy,3
anger,3
lots,3
her.,3
tried,3
courage.,3
fail,3
gift,3
awkward,3
again.,3
most.,3
sacrifice,3
truly,3
canvas,3
lying,3
"kind,",3
&,3
feels,3
it!,3
breath,3
loss,3
boys,3
seem,3
speak,3
set,3
truth.,3
reminder,3
years,3
event,3
together.,3
This,3
black,3
cycle,3
mothers,3
shining,3
pays,3
prayer,3
joy.,3
"now,",3
super,3
unique,3
job,3
empty,3
jingle,3
We,3
that.,3
sweet,3
waiting,3
throwback,3
can.,3
"liars,",3
ho,3
seen,3
pay,3
write,3
clean,3
class,3
upset,3
playing,3
earth,3
glow,3
opened,3
darkest,3
But,3
humor,3
excited,3
worst,3
entire,3
reliable.,3
act,3
silence.,3
universe.,3
flying,3
smaller,3
pleasure,3
chasing,3
relationship,3
In,3
listen,3
possible.,3
hardwork,3
steps,3
lying.,3
"up,",3
understood.,3
wants,3
desire,3
"keep,",3
kar,3
anxious,3
listening,3
path,3
withering,3
late,3
be.,3
"nothing,",3
"bitter,",3
children,3
cost,3
have.,3
#fun,3
along,3
cruel,3
filled,3
thing.,3
bday,3
watching,3
actually,3
fears,3
Women,3
When,3
screaming.,3
somebody,3
i'd,3
stronger,3
"family,",3
away.,3
thankyou,3
ruin,3
win,3
loving.,3
allow,3
fun.,3
realized,3
missing,3
"what,",3
sadness.,3
lead,3
#love,3
catch,3
devotion,3
honest,3
Happy,3
loose,3
write.,3
far,3
boring.,3
legends,3
expected,3
india,3
rain,3
other.,3
marry,3
"so,",3
morning,3
attached,3
Never,3
says,3
way.,3
cheers,3
ive,3
emotional,3
water,3
worth,3
lived,3
terrible,3
depend,3
hand,3
live.,3
exist,3
"words,",3
"light,",3
taught,3
stuck,3
biggest,3
calm,3
losing,3
somewhere,3
favourite,3
art.,3
this.,3
considered,3
carry,3
creates,3
smiling.,3
lock,3
soul.,3
smile.,3
animals.,3
secret,3
bucket,3
success,3
sure,3
shines,3
probably,3
"think,",3
There,3
think.,3
sending,3
that?s,3
-,3
dawn,3
"sacrifice,",3
flowers,3
beat,3
choice,3
..,3
judge,3
enemies,3
accepting,3
clouds,3
sorry,3
"do,",3
thinks,3
toward,3
"better,",3
appreciate,3
"mind,",3
enjoying,3
shoulder,3
city,2
"night,",2
gave,2
increase,2
impatient,2
void,2
spending,2
task,2
Finding,2
pose,2
working,2
wishing,2
"alert,",2
expecting,2
life!,2
rare,2
coz,2
questions,2
satisfaction,2
darkness.,2
miracle,2
%,2
it'll,2
feared.,2
wild.,2
maintain,2
hour,2
"things,",2
stage,2
heartbeat,2
sing,2
admire,2
iin,2
indian,2
mom,2
met,2
leads,2
butter,2
lil,2
careful,2
Stay,2
kind.,2
leaves,2
blast,2
years.,2
meaning,2
"person,",2
poor,2
money.,2
stronger.,2
Good,2
intelligent,2
discover,2
finish,2
4,2
harm,2
days.,2
are.,2
"see,",2
destroy,2
classes,2
honesty,2
fine,2
wanderlust,2
"amazing,",2
"word,",2
Love,2
quit,2
dwell,2
influence,2
i’ll,2
team,2
society,2
challenge,2
"head,",2
row.,2
old,2
lips,2
today's,2
bold,2
Every,2
road,2
fault,2
"cookies,",2
special.,2
true.,2
ignore,2
"beautiful,",2
hiding,2
solution,2
bitter,2
post,2
soon,2
"hate,",2
went,2
water.,2
"face,",2
thrown,2
beautifully,2
bless,2
caught,2
"guys,",2
support.,2
mine.,2
"happiness,",2
"strength,",2
standing,2
I'll,2
desperate,2
balanced,2
resemble,2
future,2
fell,2
heaven,2
comfort,2
Beauty,2
ask,2
poem.,2
"people,",2
Because,2
colours,2
creep,2
wasted,2
failure,2
unless,2
oscar,2
sudden,2
personal,2
Your,2
attack,2
contains,2
main,2
surreal,2
next,2
dangerous,2
separated,2
blame,2
share,2
"done,",2
annoyed,2
medicine,2
kisses,2
solo,2
angry.,2
arms.,2
disappointed,2
merry,2
options,2
insults.,2
optimism,2
ya,2
fights,2
eyes.,2
struggling,2
fly,2
favorite,2
emotion,2
"hurt,",2
"said,",2
worls,2
sixty,2
"today,",2
news,2
childhood,2
sister,2
whether,2
movies,2
"enemies,",2
difficult.,2
"success,",2
succeed,2
though,2
wasting,2
"be,",2
dancing,2
"smiles,",2
dude,2
sadness,2
conversations.,2
blessings,2
accomplish,2
syrup,2
sounds,2
passing,2
lucky,2
negativity,2
"one,",2
honor,2
bored,2
left,2
reach,2
rainbow,2
"afraid,",2
heart;,2
opinion,2
star,2
accidents,2
"to"".",2
waste,2
helping,2
white,2
enemies.,2
seconds,2
gratitude,2
wrong.,2
disgrace.,2
negative,2
tiny,2
brighter,2
quite,2
feet,2
consequences,2
cope,2
can’t,2
imagination,2
nothing.,2
extra,2
understood,2
fit.,2
sacred,2
igniting,2
offer,2
anyways,2
deal,2
safe,2
awesome,2
maggi,2
breaking,2
photography,2
tu,2
God,2
smove,2
used,2
mistake,2
get.,2
"future,",2
strength,2
nightmares,2
cracks,2
thinkers.,2
top,2
dead,2
experiences,2
silent,2
rush,2
"worst,",2
remain,2
singing,2
"world,",2
idea,2
state,2
imperfect,2
content.,2
eye,2
"look,",2
festival,2
plans,2
tonights,2
future.,2
all.,2
personality,2
side.,2
correct,2
eat,2
turns,2
decisions,2
forget.,2
satisfied,2
wings,2
remember.,2
defeat,2
continues,2
welcoming,2
hope.....,2
inner,2
lurk,2
flambeaus,2
cute,2
No,2
cares,2
bloom,2
dreams.,2
sight,2
"class,",2
sheets,2
Believe,2
depressed,2
we're,2
partner,2
purpose,2
sleeping,2
"bad,",2
"then,",2
creating,2
diwali,2
expectation,2
hatred.,2
cheap,2
fashion,2
madness,2
person.,2
"gift,",2
exactly,2
instead,2
Unity,2
cat,2
spend,2
"girl,",2
lessons,2
sweetest,2
chocolate,2
"unconditional,",2
tastes,2
rare.,2
strongest,2
cut,2
beauty.,2
enlarge,2
experiment.,2
definitely,2
casts,2
"exist,",2
#life,2
deadly,2
"birthday,",2
healthy,2
admired,2
killed,2
wich,2
family.,2
pacified.,2
friend.,2
unfortunately,2
maybe,2
"choices,",2
work.,2
already,2
evening,2
flipped,2
frowning,2
series,2
fact,2
fireflies,2
fullest,2
bad.,2
situations,2
sleep.,2
presence,2
study,2
survive,2
situation,2
sunny,2
Hope,2
toh,2
food,2
middle,2
"blessings,",2
"survive,",2
understand.,2
fix,2
activity,2
putting,2
passion,2
photo,2
constant,2
breeze,2
else.,2
market,2
kids,2
welcome,2
unexpected,2
…,2
wide,2
fast.,2
hungry,2
adventurous,2
"past,",2
"sometimes,",2
pieces.,2
patient,2
interest,2
riding,2
freshly,2
"smiling,",2
eagerness,2
mumbai,2
"hard,",2
want.,2
lot.,2
dresses,2
easily,2
onto,2
"mad,",2
cant,2
accuse,2
polite,2
attitude.,2
answer,2
well.,2
confident,2
sadder,2
"pain,",2
bros,2
"are,",2
adventure,2
perhaps,2
"music,",2
car,2
stars.,2
tomorrows,2
itself.,2
rules,2
telling,2
sign,2
produce,2
fellow,2
"say,",2
nevertheless.,2
frightened,2
grief,2
tough,2
cancelled,2
battle,2
precise,2
"choice,but",2
"how,",2
focus,2
harmony.,2
harshest,2
irritating,2
"happen,",2
ain't,2
belongs,2
candid,2
"says,""I",2
"happy,",2
granted,2
spare,2
shine,2
utterly,2
stares,2
baked,2
saddest,2
bravery,2
All,2
ways,2
blue.,2
ahead.,2
shiver,2
upside,2
songs,2
Water,2
see.,2
cities,2
exciting,2
turn,2
color,2
stone,2
"work,",2
sharing,2
"moon,",2
people!,2
numb,2
holding,2
fragments.,2
telephone,2
keeps,2
One,2
awful,2
passes,2
second,2
year!,2
civil,2
communicate,2
leaving,2
dab,2
magic,2
boundaries,2
health,2
computer,2
boring,2
damn,2
serious,2
alcohol,2
remedy,2
called,2
"hearts,",2
summer,2
failure.,2
positive.,2
"thing,",2
regrets,2
conquer,2
book,2
we'll,2
shadows,2
grow.,2
chaos.,2
will.,2
congratulations,2
degree,2
booths,2
ability,2
thousand,2
fully,2
spreading,2
form,2
critical.,2
hurting,2
sorrows,2
dog,2
emotion.,2
support,2
obnoxious,2
explore,2
modern,2
important.,2
Wish,2
effort,2
"matchstick,",2
difficulties,2
lighten,2
early,2
"time,",2
interested,2
know.,2
fit,2
allowed,2
game,2
"nights,",2
continuous,2
suffering,2
"dreams,",2
smell,2
saddness.,2
addicted,2
engulfing,2
fill,2
flaunt,2
Being,2
blur,2
Always,2
school,2
rian,2
happens,2
endgame,2
grown,2
experiments,2
service,2
keeping,2
patience,2
warmth,2
semester,2
watch,2
"change,",2
kiss,2
missed,2
essential,2
understanding,2
movie,2
chaos,2
create,2
down.,2
embrace,2
nation,2
home.,2
doesn?t,2
here.,2
they're,2
touched.,2
"explain,",2
there.,2
shine.,2
dress,2
weather,2
man.,2
tear,2
guys.,2
same.,2
destined,2
memorable,2
long.,2
happen.,2
Do,2
level,2
nothingness.,2
embracing,2
perform,2
whenever,2
roads,2
stick,2
#avenger,2
challenges,2
joker,2
"joker,",2
lucky.,2
"lot,",2
'bout,1
"sorrow,",1
"chance,",1
writing,1
diabetes.but,1
rarest,1
composed,1
selfish.,1
lovelies,1
beast,1
intimacy,1
osting.,1
recently,1
fossil,1
foe,1
heaviest,1
christmas.,1
wandering,1
well!,1
writer.,1
authority.,1
talked,1
devoted,1
sympathy,1
create.,1
chinta,1
pops,1
"natural,all",1
pai,1
aversion.,1
partied,1
delusional,1
dissapointment,1
believed,1
view,1
bois,1
hardens,1
victory,1
smile's,1
rinse,1
"efficiency,",1
giggle,1
bains,1
staring,1
karwaya,1
"friend,",1
101,1
counting,1
brand,1
hide.,1
blonde,1
least,1
yo.,1
joyfully,1
“,1
love;,1
25th,1
ee,1
gangster,1
corresponding,1
striking.,1
famous,1
creatively,1
rip,1
@pariganjoo,1
date,1
earning,1
grab.,1
stupidity,1
capacity,1
coldness,1
leadership,1
starts,1
"forever,",1
horrendous,1
lay,1
universe:,1
exeperience,1
"hurt,i",1
rid,1
tide,1
neverland,1
either,1
minded,1
ones.,1
something.,1
movies.,1
capes,1
hypnosis,1
nirbhya,1
adds,1
miracles.”,1
robot,1
"dream,",1
fab,1
wife,1
grieve,1
"understanding,",1
haunt,1
daily,1
show.,1
price,1
corgi,1
Commiting,1
also.happy,1
gifted,1
doubling,1
unbelievably,1
inspire,1
scarier,1
Hi,1
crumbled.,1
pursuit,1
deeds,1
science,1
mah,1
&amp;,1
yo,1
"u""",1
banti,1
gradually,1
according,1
feuds,1
light.,1
"conviction,",1
urgency,1
rii,1
silences,1
freshers,1
Me,1
unfulfilled,1
showered,1
dreamt,1
quest,1
#,1
powerless,1
happening!,1
drains,1
conversations,1
"moment,",1
combinations),1
provide,1
community,1
noble,1
me..,1
educator.,1
Creative,1
isn’t,1
"hair,",1
anything!!,1
runs,1
law,1
classy,1
hindus.,1
aint,1
ventilated,1
With,1
ethereal,1
weapon,1
empty.,1
thousands,1
"sister,",1
push,1
universal,1
crying,1
advised,1
breathing,1
kid,1
"thanksgiving,",1
floor.,1
everything?,1
seriously,1
forgive,1
behavior,1
tick,1
situation.,1
complaints,1
beautiful!!,1
"beaten,",1
achieve,1
morality,1
"issues,",1
bringing,1
shades,1
laughes,1
ouch!,1
paper,1
begin,1
struck,1
jaan,1
obligation.,1
recovery.,1
fund,1
bitter.,1
disturb,1
scent,1
store,1
Fruits,1
smoother,1
tell.,1
worshiping,1
risky,1
why….,1
range,1
love!!,1
#selfish,1
anymore.,1
choc.,1
"close,",1
flexibility.,1
hide,1
minds,1
wooden,1
tone,1
corner.,1
discovered,1
terms,1
"bones,",1
fade,1
sunlight,1
lonely,1
14th,1
chote,1
",e.",1
heads,1
up?,1
go.,1
birthdays,1
lonliness.,1
Blessed,1
"happy,excited",1
...what's,1
compromise.,1
types,1
poses,1
bhi,1
expresses,1
vulnerable.,1
didn’t,1
richly,1
didu,1
crown,1
forgveness,1
regardless,1
sustain,1
imperfections,1
alibi,1
asking,1
"transformed,",1
glitter….two,1
neds,1
objects,1
reservation.,1
later,1
1,1
"eyelids,",1
touch.,1
motives.,1
classic,1
w/,1
"believes,",1
lack,1
"open,",1
itne,1
costume,1
smarter,1
Caught,1
several,1
9,1
jeans,1
fierce,1
Show,1
kabhi?,1
"bold,",1
streets,1
lord,1
ok,1
distant,1
Reach,1
consider,1
"wealth,",1
suitable,1
trips,1
alert,1
harder!,1
concealed,1
hey!,1
reward,1
self,1
dad!!,1
schedule,1
1-10:,1
laugh…hahahaha!!,1
wit,1
curious.,1
bhai,1
certain,1
pic,1
beholder.,1
articles,1
type,1
hello,1
shout,1
city!!,1
"despair,",1
wanted,1
kindness.,1
destiny.,1
circle,1
determination,1
condition,1
"eraser,",1
amusement,1
wedding,1
trends…i,1
dee,1
someone….you,1
FALSE,1
click,1
pouring,1
unwanted,1
coated,1
correlated,1
dharma,1
united,1
boys.,1
need!,1
burst,1
eighteen.,1
"engaged,",1
"goodness,",1
Mind,1
omong,1
behave,1
",didn't",1
rest.,1
theres,1
"tried"".",1
beaytiful,1
imperative,1
stormy,1
place!,1
laughters,1
taste,1
leading,1
scrupulous,1
patience.,1
followers,1
moms,1
cosmos,1
doubtful,1
me!,1
'cuz,1
"us,",1
defend.,1
utter,1
shimmering,1
happier,1
priviledge,1
nominations,1
don't.well,1
resources,1
functions,1
learn.,1
"out,",1
mom...,1
deepest,1
claim,1
night.,1
past.,1
classical,1
"positivity,",1
astouned.,1
weaker,1
amazinf,1
wishes.,1
23,1
"smile,simplicity",1
determines,1
caption.,1
drive.,1
"chase,",1
unfair.,1
rain!,1
neither,1
played,1
"command,",1
indeed.,1
protect,1
"strange,",1
knob,1
literally,1
anyway,1
currently,1
preservation,1
given,1
theyre,1
#heabreaking,1
capture,1
"exercise,",1
"boyfriend,i",1
cultures.,1
People,1
meaningful,1
envy,1
chemicals.,1
picture.,1
"return,",1
"decisions,",1
lifestyle,1
pearl,1
reference.,1
go?,1
collided,1
everybody,1
chill,1
eventually,1
removing,1
pessimist,1
descriptions:,1
binge,1
paints.,1
selfishness,1
criminal,1
rapists,1
trust.,1
“be,1
adhere,1
meets,1
doctor,1
slope,1
nice,1
measure,1
sleep,1
intention,1
Don?t,1
spirit,1
now?,1
"desired,",1
stress,1
hungry.,1
seva,1
Best,1
outlet,1
betrayal.,1
vicious,1
passed,1
kumar,1
"low,",1
caring,1
studio,1
victory.,1
implanting,1
better.”,1
splendid.,1
muj,1
jesus.”,1
"talks,",1
….sang,1
bautiful,1
forgive.,1
"conscience,",1
wearing,1
sought,1
da,1
"struggles,",1
releases,1
gets,1
come!!!,1
sprinkles.,1
keys,1
energy.,1
scale,1
dissapointments,1
sign?,1
celebrate.,1
fatal;,1
despise,1
share.,1
"thoughts,",1
",too,but",1
genuine,1
"worried,",1
paralyzes,1
"hardwork,",1
unconscious,1
friendship!,1
butterflies,1
#standwithorlando,1
likely,1
#perfect,1
left.,1
dependability,1
"assumptions,",1
there!,1
"prejudices,",1
gun,1
becuase,1
buddies,1
urgent,1
copy,1
“lighten,1
"smile,for",1
paid,1
gratefully,1
violent.,1
"soul,",1
"hello,",1
hi,1
"motte,",1
"sweet,",1
furious,1
hug,1
including,1
display,1
spirituality.,1
nowadays.,1
cheerful,1
"judge,",1
exactly.,1
laughter,1
riches.complaint,1
proof,1
simon,1
hairstyle,1
abilities.,1
"best,",1
asset,1
track,1
absolutely,1
surrounded,1
hopes.,1
fishmarket,1
asks,1
join,1
Welcoming,1
"beauty,",1
soft….,1
box,1
loudly.,1
tan,1
sob,1
loaded,1
burns,1
indecision,1
She,1
restful.,1
"unique,",1
"god,",1
fragile,1
brain,1
remains,1
"choose,",1
having.,1
eqally,1
pushkar,1
heads.,1
utilities,1
ignored.,1
you’re,1
foocus,1
packed.,1
achievement.,1
mumma,1
awake,1
shakun,1
hallmark,1
superficial,1
"volcano,",1
distress,1
ugly,1
back.,1
befriend,1
climb.,1
Changing,1
#sad,1
shoes,1
picked,1
device,1
team.....,1
"relevant,",1
flaws.,1
"Sometimes,",1
bridge.,1
it?,1
writer,1
daughter,1
blossoms,1
eveytime,1
pics,1
reliving,1
"rises,",1
sorry..,1
it'd,1
disappointment,1
letter,1
banta,1
complex.,1
following,1
particular,1
artist's,1
temporary,1
#values,1
character.,1
walked,1
average,1
"shine,",1
empahetic,1
be…..blessed,1
strangers,1
window,1
lion.,1
voting,1
Correct,1
"match,but",1
followed,1
vile,1
failures.,1
happiest,1
himself.#meninreality,1
roaming,1
eternity.,1
dad,1
field,1
alter,1
cuddler,1
investment,1
"1,2,3,4",1
indifference,1
"granted,",1
"effort,",1
lens.,1
"hey,",1
harder.,1
"energy,",1
enter,1
forgiveness,1
superpowers,1
fu.,1
decide.,1
typical,1
successful.,1
exquisite,1
Keep,1
unhappy,1
danced,1
languages,1
lively,1
believes,1
harm.,1
him!,1
peoples,1
"says,",1
stressed,1
earth.,1
"Trees,",1
Will,1
gentle,1
fast,1
tea.,1
soothe,1
decide,1
date.,1
strings.,1
"momma,",1
worthy,1
meeting,1
approximate.,1
"calls,",1
Had,1
Memories,1
nearly,1
more??,1
smoking!!!,1
"media,",1
classroom,1
impressive,1
"working,",1
Not,1
met.,1
world….mercy,1
maximum,1
bhola.,1
goose,1
medecine,1
#smile,1
rigor.,1
society.,1
courtesy.,1
view.,1
sould.,1
"strong,",1
weird,1
acceptance,1
blunt,1
inviting,1
clearly,1
"reality,",1
bub,1
matches,1
"courageous,",1
someone's,1
necessary,1
kid.,1
life….besides,1
"difficult,",1
aka,1
"salad,",1
throughout,1
ladies,1
world's,1
worldwide!,1
"air,",1
Create,1
lifebuoy,1
"risky,",1
receive,1
gaurav,1
tired,1
chester,1
usually,1
wolf,1
unreal,1
p.,1
ppl,1
removed,1
"proof,",1
achieved.,1
learned,1
dramatic,1
"recovered,",1
dumb,1
Maintaining,1
wind,1
wore,1
"dust,",1
requests,1
#farewell,1
!”,1
respecing,1
angels,1
guard,1
goodcomings,1
it...”,1
"fuel,",1
ths,1
stair,1
singer,1
easy.,1
society's,1
lose.,1
unison,1
nd,1
"wisdom,",1
force,1
great.,1
convocation.,1
"once,",1
trapped,1
"abilities,",1
showers,1
experience.,1
"delhi,2019",1
photos,1
gravity,1
"sad,",1
of.,1
habit,1
nakes,1
foolishness.,1
uncorrupt,1
dettol,1
regrets;,1
"superego,",1
enjoyed,1
baths,1
#nooneisperfect,1
mirrors,1
@ojussardana,1
smile...when,1
~,1
r,1
"liar,",1
countless,1
exhaustion.,1
discrimination.,1
unpleasant,1
leroy,1
hurries,1
bites,1
tighter,1
#save,1
100,1
kitkat,1
Forgive,1
lost.,1
superior,1
intelligentgroup,1
leap.,1
"inside,",1
"misfortunes,",1
"alive,",1
grateful.,1
stupid.,1
tend,1
fond,1
birth,1
novel.,1
imagine,1
insult,1
undertaking.,1
required.,1
stil,1
#pulseshooting,1
Success,1
enjoyable.,1
survived,1
done...,1
wtf,1
unease.,1
adopt,1
trustworthy.,1
aur,1
bottles,1
"hope""",1
suddent,1
firsts,1
poet.,1
eternal,1
others!!,1
acting,1
frowns.,1
messages,1
darker,1
thanks…and,1
'happy',1
"trustworthy,",1
rise,1
celebrated.,1
already.,1
praying,1
surprises,1
basic,1
vinci,1
"kindness,",1
question,1
chamge,1
heroine,1
relax,1
incurring,1
muscles...,1
sorrow.,1
despite,1
house,1
ba,1
attached.,1
dangerous.,1
disgust.,1
"city,kolkata",1
sunflower,1
strangers.,1
transferring,1
hat.,1
media,1
characters,1
demands,1
ends,1
valuable,1
life.”,1
hungry...,1
terribly...,1
.....didn’t,1
commission,1
sick,1
"creepy,",1
yourr,1
"ohh,",1
selfie,1
hillarious,1
belonged,1
resolve,1
"duty""",1
"""i",1
records,1
neat,1
"scared,",1
impressed,1
Crazy,1
Sometimes,1
Positive,1
smallest,1
engine,1
note.,1
companion,1
coronavirus,1
attained,1
dayy!!!,1
tonight,1
surrounding,1
house.,1
harmful.,1
demons,1
"own,of",1
she'll,1
silence,1
blinking,1
2019…,1
conned,1
gangsta,1
14,1
destination,1
slides,1
developing,1
definetly,1
"wasteful,",1
business,1
cuts,1
we've,1
"provides,",1
darkness:,1
friendship.,1
fives.,1
tensed,1
impossible.,1
ii,1
belongings,1
player.,1
realising,1
ove,1
hinduism,1
"four,",1
greets,1
college,1
chance,1
lately,1
Just,1
blast.,1
foes,1
lovely.,1
indeed,1
wary,1
however,1
exam...,1
blossom,1
atleast,1
"""",1
"soar,the",1
me!!,1
thirst,1
"attainment,",1
saps,1
award,1
"'i""ll",1
"tired,",1
design,1
growing,1
pout.,1
wtf!,1
decency,1
breath.,1
gross,1
determination.,1
"age,",1
journeys,1
Thank,1
ignorance.,1
architecture,1
seriousness,1
take.,1
feedback,1
instagram,1
reigniting,1
qualities,1
physical,1
mediocre.,1
screams,1
quality,1
permutations,1
pants,1
living.,1
"outcomes,",1
prefer?,1
"catchy,but",1
hai,1
"demand,",1
laaazzzyyyy!!,1
jam,1
sitting,1
win.,1
fantastic,1
grew,1
papa,1
mess.,1
'they,1
Even,1
ago..,1
danger,1
large,1
understanding;magic,1
apprehensionof,1
importantly,1
doubts.,1
permanence,1
@rajput_rhea_,1
avoiding,1
ends.,1
mat,1
myself.,1
"boys,",1
suppoded,1
trend!!!,1
danger?,1
nail,1
golden,1
summary,1
"anxious,",1
tired.,1
fine.,1
frankness,1
Discipline,1
pluviophile,1
habits,1
pictures,1
22,1
speaks,1
allowing,1
brown,1
"character,",1
"absence,",1
parents….,1
'em,1
takind,1
conspiracy,1
limits.,1
describe,1
cure,1
back?,1
"there,",1
response,1
"three,",1
cheese,1
"old,young",1
evading,1
2019,1
shiksa,1
sentenced,1
fix.,1
life.get,1
adversity,1
smash,1
anguish,1
Gangster,1
sparkling,1
thins,1
spare.,1
"moments,",1
industries.,1
"them,",1
"supplication,",1
benefit,1
rainbows,1
point.,1
understanding.,1
sufferings,1
cases.,1
idiots,1
mountains.,1
around….you,1
young,1
"reminder-""when",1
Keeping,1
handsome,1
Poets,1
back:,1
stiff,1
google,1
"""this",1
abstract,1
answe,1
"stars,",1
unlimited,1
rape,1
appreciating,1
disguise,1
mans,1
hat,1
~leonardo,1
banaid,1
"childhood,",1
arrivals,1
hai.,1
99.99,1
"shining,",1
allegiance,1
protects,1
feed,1
out.,1
require,1
attentive,1
reality.,1
"lights,",1
known.,1
ahead,1
alright.,1
Take,1
"two,",1
arghhh!!!,1
dating,1
What,1
moment.it's,1
Delhi,1
confidence.kindness,1
“what,1
higher,1
collaboration,1
Let,1
soc,1
betray,1
lasts,1
"black,",1
artificial,1
"care,",1
combination,1
nine,1
sage.,1
results,1
struggles,1
exist.,1
power...,1
faithful,1
requires,1
batra,1
"oppression,",1
"characte,",1
rely,1
strike,1
colourful,1
anybody.,1
"crap,",1
survival,1
faltered,1
"always""",1
So,1
toy,1
eighty,1
"lovely,",1
peace.,1
education,1
slowly,1
we...,1
necessarry,1
blink,1
skater,1
persist,1
intensity.,1
paper.,1
"comparing,",1
"softly,",1
hate:,1
bloodhsed,1
trained.,1
healed,1
circumstances.,1
badly,1
off.,1
soaking,1
two!,1
And,1
"cheat,",1
pollution.,1
bells,1
pursue,1
matters.,1
allah,1
"lost,",1
pair,1
relationships.,1
Eating,1
confident.,1
occasion,1
fav,1
colorful,1
a##hole,1
fragrance!,1
"everything,",1
"similar,",1
"were,",1
you;,1
suffocation,1
drop,1
brightest,1
"exams,",1
delusion.,1
sky.,1
delicacy.,1
identify,1
"wait,",1
"emotion,",1
hungry/angry,1
teach,1
"not,",1
works,1
Sunday,1
street,1
yearning.,1
mnagement,1
anymore,1
woods,1
ultimate,1
soooooon?,1
breathe.,1
desires,1
guided,1
stage.,1
ls,1
haevy,1
kinda,1
teeth,1
gross!!,1
dependant,1
point,1
pointt,1
touching,1
destinations.,1
diamonds,1
lady,1
honesty.,1
"places,where",1
precision,1
talk.,1
heal.it,1
Acid,1
back!!,1
I'd,1
actions,1
"echo,",1
#There,1
richer,1
slippery,1
roar,1
justa,1
flexible,1
admires,1
perseveres,1
session,1
fun!,1
endured.,1
decides,1
countenance,1
on!,1
Her,1
"independence,",1
shock.,1
could've,1
"""I",1
"feeling,",1
whims,1
"sleeping,",1
hero,1
choosing,1
accuser,1
have!,1
reason.,1
"ever,",1
dies,1
uncertainity,1
stomachs,1
slow,1
stereotypes,1
pain.,1
alive,1
grasp,1
say..i'm,1
akready,1
pieces,1
nicely,1
lose.all,1
profoundness.kindness,1
careless.,1
happines.,1
dates,1
enters,1
subtle,1
tied,1
compassionate,1
madder,1
bumpy,1
citizen,1
patriotism-it,1
deceiver!!,1
contempt,1
me?,1
#celebration,1
"hatred,",1
rains,1
hunger,1
tate,1
refused,1
feb,1
"days,",1
ice,1
nuanced,1
prisma,1
#mycollege,1
religion.,1
shadow.,1
surprise!,1
destiny,1
anniversary,1
teamwork,1
"nature,",1
possibilities,1
muggles,1
almighty,1
handremember,1
thanks.,1
"babes,",1
skill,1
crime.,1
diamonds.,1
falling,1
god's,1
lion,1
disrespected.,1
bodies.,1
sorry.,1
huge,1
adviser.,1
important;,1
wine,1
pizza,1
nuts,1
environments,1
granted.,1
things.”,1
castle,1
stomach,1
thunderstorm,1
abou,1
lens,1
sucide,1
talented,1
youll,1
opinion.,1
boiii!!,1
distraction,1
besties.,1
tedx,1
It?s,1
partner?,1
phrase,1
hospitality,1
#bday,1
me!!!,1
large.,1
tangled,1
happt,1
rejected,1
!,1
"awkward,",1
ought,1
risk,1
priorities,1
pleasant,1
newer,1
"forgive,yes.forget,",1
everyone's,1
secrest,1
brunette,1
weekendvictory,1
matter.,1
saku!,1
sad.,1
floor,1
hot;,1
adapting,1
park.,1
contact,1
readiest,1
storms,1
devastated.,1
Unless,1
insecure.,1
outside,1
colour,1
amount.,1
ulterior,1
response.,1
step.,1
sticks,1
uncertainty.,1
music?,1
bags,1
nature.,1
pity,1
trip,1
culture,1
touchy,1
sunsets,1
build,1
"smile,whenever",1
practical,1
europe,1
lot!!,1
bordering,1
blind,1
couch,1
breathe,1
fanily,1
badder,1
strokes,1
bang,1
"magically,",1
appear,1
small.,1
experienced,1
aer,1
gate,1
goodness,1
ayushi…,1
sane,1
inspired,1
world!,1
indifference;,1
chases,1
yyou,1
"me,in",1
counts.,1
bloom.,1
"can,",1
"glitter,",1
affair,1
#carnival,1
dream.,1
"sentry,",1
"case,",1
evrr!!!,1
lessons.,1
times-,1
chemistry,1
@akshada1,1
Willingness,1
quiting,1
deeper,1
"however,",1
scare,1
both.,1
cutest,1
filling,1
Vibes,1
happyy!!,1
"hold,",1
appreciation,1
Days,1
isolations;,1
waali,1
lets,1
big;,1
"while,",1
Duty,1
"sleep,",1
"vivid,",1
escape,1
weekend,1
yesterday.,1
glitter,1
suffice,1
"crazy,",1
tolerate.,1
participate,1
tge,1
right.,1
Its,1
woke,1
th,1
acts,1
friend!!,1
word.,1
shape,1
superheroes,1
faster,1
#friends,1
whose,1
"laugh,",1
obselete,1
innovative,1
“always,1
"like,",1
sugar,1
brother,1
hair,1
concern,1
why?,1
credit,1
continue,1
who'll,1
"caption,",1
fundamental,1
myth.,1
"darkest,",1
chess,1
causing,1
romantic,1
agonizingly.,1
colors,1
rule,1
taken,1
mental,1
lit,1
#wedding,1
front,1
ever.!,1
team!,1
victim.,1
smoke,1
consistent,1
thankyouu,1
beings.,1
"away,",1
"final,",1
larger,1
forgiveness;,1
pressure,1
becoming,1
goal.,1
hidden.,1
list.,1
blue,1
expressions,1
beautiful.monments.,1
outing,1
room.,1
Pay,1
cage,1
bunny,1
ended,1
hues,1
everyone.,1
manipal,1
blushing,1
lightens,1
suit,1
"red,",1
night…i,1
colored.,1
foundation,1
windows,1
handle.,1
"eternal,",1
crushing,1
hour.,1
cringe.,1
history,1
child,1
everyday!!!,1
sunlight.,1
darkens.,1
"loves,",1
Failure,1
eyes….you'll,1
rob,1
shy,1
easier,1
much!xx,1
why.,1
brought,1
tree,1
allure,1
cameras,1
"taste,",1
"mom,",1
good-natured,1
throwing,1
humiliating,1
glass.sometimes,1
measures,1
creature,1
bus;,1
not;,1
brain.,1
recommendation,1
supporting,1
surely,1
successful,1
finger.,1
imitate.,1
"disappointments,",1
love!,1
potential,1
replacement,1
pick,1
belong.,1
tantrums,1
"pride,",1
father,1
okay,1
hoped,1
bae,1
action,1
selfish,1
mindfulnes,1
blues,1
split,1
committed,1
"""thank",1
Reminder:,1
out!,1
classis,1
thrown..,1
melting,1
violence?,1
birrooooo,1
awake.,1
intimate,1
resting,1
orv,1
shared,1
endsem,1
ride,1
especially,1
i’m,1
Learning,1
god;,1
4:6-7,1
ashamed,1
again!,1
me…..ok?,1
;,1
Humor,1
"oneself,",1
enthral,1
Psychology,1
mom.,1
tonight..,1
aisle,1
"utmost,",1
drowning,1
you…,1
competitive,1
original,1
don?t,1
"sensitive,",1
somewhat,1
contrast,1
"depressing,",1
surpasses,1
salutes,1
wanderer,1
look.,1
calls,1
touch,1
tolerate,1
#homealone,1
efforts,1
really.,1
me'.,1
flight,1
Censorship,1
fabulous.,1
passed.,1
nobody's,1
him.,1
women,1
crawling,1
"fear,",1
responsible,1
messed,1
play.,1
darling,1
snacks.,1
"child,",1
holds,1
information,1
bliss,1
humor.,1
you’ve,1
"mistakes,",1
discomfort,1
cups,1
"goals,",1
resurrection,1
told.,1
feet.,1
bonding,1
injustice,1
party!!,1
yeah,1
abnoxious,1
cowardice,1
"watching,",1
Thanks,1
captures,1
weddings,1
neve,1
freezing.,1
goodnight,1
number,1
sparkles,1
supermacy,1
booty,1
satisfied.,1
donut,1
mornings,1
lines,1
annoyed.,1
"competing,",1
strength.,1
weeks.,1
salt,1
emotions;,1
chapel,1
rejection,1
humiliation,1
?.,1
pleasures,1
poorly,1
nowadays,1
knocks,1
thigs:,1
forgotten,1
fun..,1
taneja,1
watched,1
crave,1
"""you'll",1
chew,1
"besides,an",1
unlearning,1
ruel,1
presentation,1
staying,1
tham,1
"team,",1
sport,1
"swiftly,",1
sunset,1
meaning.,1
"coincidence,",1
monday.,1
stubborn,1
selfies,1
truths,1
paragraphs!,1
imbibed,1
funniest,1
venting,1
"elements,",1
"worry,",1
jealous,1
detached,1
shook,1
peculiar,1
cease,1
craziness.,1
"No,",1
feeling.,1
christ,1
becaue,1
us….,1
"house,",1
allures,1
Confucius.,1
laughing,1
discriminated,1
passionate,1
Understanding,1
Life,1
boys…,1
door,1
"accident,",1
partners,1
"way.so,",1
absence,1
disappointed.,1
kholega!,1
atrists,1
window;,1
complaint,1
third,1
bigger,1
tensed.,1
falls,1
persons,1
"strenghth,",1
"against,",1
rude,1
flow,1
moral,1
Wrong,1
delicate,1
suits,1
time:,1
"sorrow,but",1
sinle,1
assure,1
women's,1
opportunities,1
amidst,1
holdin',1
normal,1
confience.,1
weary,1
place…,1
disaster,1
eagerly,1
defifnitely,1
reflection,1
motivate,1
fearless,1
imma,1
values.,1
commits.,1
intersects,1
strongest/,1
"long,don't",1
"""our",1
nobody!,1
claustrophobic.,1
eyse,1
overwhelming,1
twinkling,1
"ones,",1
remembered,1
magicial,1
followers.,1
attitutde,1
creepiness,1
decision,1
obsessing,1
books,1
anytime.,1
glimpse,1
motivation,1
demand,1
realtionhip,1
galaxies,1
;),1
destination.,1
eyes?,1
transformed,1
weakest,1
"over,",1
terrifying,1
demise,1
Depend,1
frowning.,1
married,1
healthy.,1
"sketchy,",1
someone.,1
roommate!!!,1
unleash,1
dayy,1
bait,1
shining.,1
fulfills,1
apple,1
glad,1
sunbeam,1
thanku,1
"smile,sparkle",1
hobby,1
weight,1
disrespect,1
"this,",1
Artificial,1
feel.,1
right!!!let's,1
monsters,1
who's,1
green,1
"everywhere,",1
advance.,1
Advices,1
momma,1
family!love,1
"neat,",1
responses,1
2k16,1
figure,1
alaways,1
setting,1
Get,1
insist,1
delight,1
remedies.,1
hmm,1
ideas,1
germs?,1
protective,1
They,1
from.!,1
chaotic,1
Accidents,1
fllied,1
sleepy,1
"precision,",1
hine.,1
<3,1
almost,1
directed,1
tune,1
lied,1
are:,1
heavier,1
for.,1
#jaipurdiaries,1
sugar.,1
other's,1
unforgiving.,1
censors,1
greatness,1
prevent,1
shawl,1
forever!!,1
"darling,",1
befriending,1
funny.,1
pure.,1
gutter.,1
:,1
craziest,1
Aggression,1
confiding,1
doors,1
ray,1
philippians,1
confusing,1
prepared,1
soul…and,1
communicates,1
endure,1
destroing,1
hey….just,1
emotionally,1
university,1
fantabulous,1
yourself!!,1
lifetime.,1
breaks,1
yoy,1
kafka.,1
hating,1
helpless.,1
expereinces.,1
butter.,1
Hospitality,1
iron,1
intimacy.,1
relevant.,1
devoid,1
independent,1
today!,1
experiencing,1
development.,1
"nervous,",1
honestly,1
explain,1
herting,1
return,1
problems.,1
worthwhile,1
Laughter,1
month,1
plan,1
fruit.,1
"wins,",1
sin.,1
bammed,1
don't.,1
mindful.,1
echo,1
'nanigans',1
form.,1
won.,1
bro.,1
ate,1
"kids,",1
anyone.,1
winters.,1
insanity,1
storm.,1
supposed,1
"geography,",1
em,1
"next,",1
disbelief,1
fam,1
drinking,1
pace,1
returning,1
shut,1
"expectations,no",1
devilishly,1
rose,1
fairest,1
political,1
"hateful,",1
harmony,1
precedes,1
sides,1
loveable.,1
major,1
faces..gos,1
Attitude,1
much!!!,1
you!my,1
"if,",1
"loved,",1
fragments,1
everytime.,1
months,1
@rosh036,1
"beautifu,friendship",1
succeed.,1
"brave,",1
thrills,1
commitments.,1
worse,1
melody.,1
fever,1
bunking,1
caused,1
"bells,",1
hair.,1
Anger,1
writing.,1
punch,1
partyyyy….keertannnn,1
consequences.,1
station.,1
dawn.,1
humans,1
minute.it,1
return.,1
dear,1
(assuming,1
throws,1
"technically,",1
lives.,1
"kill,",1
theater.,1
equanimity,1
swords,1
admiration,1
2k17,1
concepts.,1
8th,1
"angels,",1
day!!!!,1
is.,1
hamesha,1
prople,1
ladke!!,1
"women,",1
opposite,1
accusations,1
heed,1
mumma's,1
represent,1
therapeutic.,1
"promise,",1
"pleasure,",1
survivors.,1
uhh,1
jewels,1
congratulations!!!,1
fair,1
winners,1
conversation.,1
Worship,1
Four,1
convicts,1
"money,",1
economy,1
colliding,1
profound,1
springs,1
vibe.,1
convice,1
approach.,1
memory!,1
Integrity,1
"don't,",1
consistency,1
spotlight,1
coolest,1
safe.,1
beiginning,1
poet,1
unsteady,1
sticking,1
expects,1
rose's,1
sweetness,1
Great,1
af.,1
"hurts,",1
hanging,1
tread,1
drama,1
"lane,",1
generation.,1
festival!,1
matters,1
people's,1
"you""",1
by!,1
culminates,1
competition.,1
"art,",1
joyfull,1
guilty,1
confessing,1
difference?,1
personally,1
summing,1
stopped,1
effortlessly,1
karma.,1
"bring,",1
positivity,1
copy!,1
goals,1
discovering,1
"to.""",1
"aggressive,",1
shameless,1
conscience,1
strenght,1
direct,1
star.,1
hyper.,1
"acceptance,",1
liitle,1
"listening,",1
oneness,1
oceanholic.,1
nevr,1
closely,1
"rules,",1
"grow,",1
aid,1
feverishly,1
basically,1
prove,1
anytime...trust,1
lie,1
deserve.,1
overthinking,1
notice,1
#orlandoshooting,1
confusion,1
pursuing,1
#orlando,1
man's,1
embacing,1
hopelessness,1
period,1
robs,1
raelity,1
"""candid""",1
develop,1
anywhere,1
follow,1
todays,1
"problems,",1
availabe,1
loved.,1
part.,1
incredibly,1
nice.,1
ya.,1
easily.,1
typically,1
sewer,1
language.”,1
useless,1
dissapointed,1
insaano,1
"earth,",1
hurts.,1
….where,1
smile!,1
icarus,1
catch!,1
image,1
distance,1
accomplish.,1
infinitely,1
with.,1
"law,resistance",1
wilderness.,1
photographs.,1
duty,1
imbibe,1
addiction,1
"so,choose",1
adults,1
opportunity,1
miles,1
oils,1
"less,",1
maturity.,1
intricacies,1
realisation,1
stood,1
"oh,",1
grey,1
mystery,1
#biggerproblems,1
seeing,1
terrorists,1
unknown,1
gym,1
"caught,",1
scooty,1
keys.,1
hostel,1
wet,1
nap.,1
abandoned,1
frustration,1
enfolded,1
imaginations,1
25,1
cheesy,1
guitar,1
removal,1
"feels,",1
mere,1
smiled.,1
certainty,1
summers.,1
"mysterious,",1
using,1
"patient,",1
change.,1
pride.,1
deserting,1
easy:,1
deserves,1
3,1
stalking,1
lost~,1
holidays,1
carrying,1
"mother,",1
need.,1
germs,1
revenge.,1
preserve,1
"reward,",1
spite,1
adventure.,1
"collaboration,",1
forgetting,1
wall,1
wealth.,1
not-cool,1
Wealth,1
"mission,",1
xd,1
hid,1
dreaming,1
scared,1
princess.,1
oh,1
"with,",1
Heroes,1
hearts.,1
flock,1
four,1
attractions,1
supported,1
"loss,",1
faithless,1
"waterfall,",1
world.learn,1
terms.,1
woman.,1
different.,1
humble.,1
camera.,1
wished,1
about.,1
"living,",1
arise.,1
winning,1
result:,1
overwhelms,1
ideal,1
censor.,1
ardor.,1
screamed,1
charm,1
monday,1
"fall,",1
"myself,",1
overpower,1
two-faced,1
is?,1
apart.,1
social,1
swim,1
distracts,1
happened.,1
fading.,1
nurturing,1
cube,1
Punctuality,1
era.,1
beer,1
multiple,1
"too,",1
adventures,1
educationless,1
aside,1
"her,",1
"selfish,",1
belong,1
neglected,1
Bad,1
stock,1
run,1
activities,1
"oceans,",1
India,1
real.,1
environment,1
"sorrows,",1
alerting,1
security,1
scariest,1
on.please,1
soft,1
sun.,1
drowned.,1
blessings!!,1
teardrops,1
cures,1
hateful,1
scared.,1
options.,1
center,1
deep.,1
poverty.,1
do…you,1
confidence.,1
pleasantest,1
"got,",1
worries,1
"grateful,",1
shit,1
"tshirt,",1
smile….because,1
beast.commit,1
fragile.,1
within.,1
upraise,1
new.,1
pollute.,1
whistled,1
gruel,1
"weather,",1
gratitude.,1
malt,1
darkness;,1
jaipur!,1
doing.,1
wins.,1
investing,1
childrens,1
liye,1
corruption.,1
corruption,1
genius,1
batting,1
pass,1
do..,1
",best.",1
seccond,1
"feelings,",1
suppose,1
unable,1
"in,",1
mummy,1
collect.,1
camera…ayush,1
captions.,1
medicine....,1
relieved,1
separate.,1
Don't,1
upper,1
never.,1
taaki,1
rome.,1
Smile,1
make.,1
"universe,",1
mountains,1
regard,1
Alone.,1
"honor,",1
blury,1
cup,1
six,1
"door,",1
tearing,1
iinside,1
bottle,1
contradictions,1
world:,1
positvity,1
supporters,1
partner.,1
skip,1
ka,1
waterfall,1
cold.,1
best!,1
beating,1
cheerfully,1
things:,1
opening,1
physically,1
haunts,1
"own,",1
films,1
don't'.,1
coffee,1
"tough,",1
"free,",1
releived,1
compensate,1
grab,1
makeup,1
riddles.,1
lazy,1
sick.,1
"false,",1
blessing.,1
food….,1
tricky,1
"real,",1
"sea,",1
#smiling,1
freaking,1
chiefly,1
"only,",1
outvalues,1
decisions.,1
plants,1
love...,1
dedication,1
today...,1
last...nice,1
equals.,1
honoured,1
enemy.,1
room,1
relations.,1
parallel,1
grade,1
motivates,1
pulled,1
"forward,",1
popcorns,1
battle.,1
5,1
offensive,1
studying,1
ramp,1
cream,1
belief,1
atrocious,1
"learning,",1
construction,1
"told,",1
ordinary,1
conflicted.,1
confided,1
"man,",1
patted,1
farewell,1
thought.,1
time!,1
"yesterdays,",1
censoring,1
"harder,",1
tells,1
fas!!,1
Now,1
bustling,1
all.!,1
"bennington,",1
"cracker,",1
exists,1
mathematics.,1
inhabiting,1
buy,1
conformity.,1
"fast,",1
fog,1
hangover,1
offended,1
powerful,1
neon!!,1
Motherhood,1
atom,1
balli,1
incomplete,1
Nobody,1
influenced,1
bs.,1
forgot,1
attend,1
kings,1
life;,1
cling.,1
"stay,",1
uncomfortable.,1
likea,1
gold.,1
"both,",1
resolution,1
much!!,1
journey.,1
person!,1
"find,",1
add,1
despair,1
lungs,1
Diligence,1
balance,1
narrowly,1
ghost's,1
astonishing,1
fortunate,1
forgiver,1
"that,",1
os,1
badly.,1
lapping,1
tummy,1
full.,1
suffer,1
vivid,1
solved,1
"different,",1
outclassing,1
franz,1
heavy.,1
click's,1
rejecting,1
fiction,1
tries,1
"remember,",1
relaxing,1
"charm,",1
ghar,1
caution,1
rule.,1
food!where,1
serve,1
tolerating,1
country,1
obey,1
freeze,1
own....i,1
greater.,1
shallow,1
At,1
cricket,1
tenderness.,1
Hate,1
desrve,1
changes,1
destroyed,1
"photo,",1
trying.,1
chicken,1
"food,",1
brushed,1
betrayed,1
once.,1
indecency's,1
scarred,1
precious,1
words.,1
selected.,1
moisturise.,1
fortitude,1
constructive,1
players,1
"aware,",1
"vanish,",1
souls,1
kashmir,1
one's,1
result,1
willpower,1
disdain.,1
fancies.,1
business.sometimes,1
mommy,1
altitudes,1
"emotions,",1
Sports,1
"more,worry",1
instant,1
"dialect,",1
Hatred,1
bag,1
doubts,1
edges,1
yea,1
attracts,1
dying,1
nextchapter,1
you?,1
health.,1
mixture,1
alchemy,1
faces,1
woman,1
wisely.,1
"flow,love,",1
"Nevermind,",1
crossroads,1
sake.,1
upmy,1
heard,1
fools,1
haan!,1
scenery.,1
"staybacks,",1
"rain,",1
parked.,1
festivals,1
stare,1
break.,1
wisely,1
empties,1
much?,1
mistakenly,1
asleep,1
betrayal,1
thorns.,1
enough;,1
aww.,1
globally,1
painting,1
rap,1
suppressed,1
life..like,1
"fav,",1
relation,1
Honest,1
list,1
immense,1
satisfying,1
ingratitude,1
longtime,1
"karma,",1
"Drinks,",1
presence.,1
"end,",1
fat,1
baddest,1
competition,1
before.,1
heals,1
due,1
preserved,1
stones,1
accident.,1
burning,1
warmest,1
caring.,1
involved,1
Hello,1
viewed,1
warmth.,1
versatile,1
shore.,1
yurself,1
"again,",1
Alcohol,1
providing,1
"difference,",1
section_a,1
walking,1
ending,1
calling,1
soryy,1
bhai!,1
yes,1
mobile,1
secret.,1
loosing,1
"recover,",1
"memories,",1
